{"cameraMode":{"drawMode":0,"name":"Shaded","section":"Shading Mode"},"sceneLighting":false,"audioPlay":false,"sceneViewState":{"m_AlwaysRefresh":false,"showFog":true,"showSkybox":false,"showFlares":true,"showImageEffects":true,"showParticleSystems":true,"showVisualEffectGraphs":true,"m_FxEnabled":true},"in2DMode":false,"pivot":{"x":6.856133937835693,"y":6.886302947998047,"z":20.14552879333496},"rotation":{"x":-0.010790199041366578,"y":0.05458785593509674,"z":-0.0006835740059614182,"w":-0.9985151290893555},"size":7.89093542098999,"orthographic":false}