{"cameraMode":{"drawMode":0,"name":"Shaded","section":"Shading Mode"},"sceneLighting":false,"audioPlay":false,"sceneViewState":{"m_AlwaysRefresh":false,"showFog":true,"showSkybox":false,"showFlares":true,"showImageEffects":true,"showParticleSystems":true,"showVisualEffectGraphs":true,"m_FxEnabled":true},"in2DMode":false,"pivot":{"x":12.670330047607422,"y":6.365836143493652,"z":19.678699493408204},"rotation":{"x":-0.02708597108721733,"y":-0.13096873462200166,"z":0.0034866915084421636,"w":-0.9910755753517151},"size":7.89093542098999,"orthographic":false}