{"cameraMode":{"drawMode":0,"name":"Shaded","section":"Shading Mode"},"sceneLighting":true,"audioPlay":false,"sceneViewState":{"m_AlwaysRefresh":true,"showFog":true,"showSkybox":true,"showFlares":true,"showImageEffects":true,"showParticleSystems":true,"showVisualEffectGraphs":true,"m_FxEnabled":true},"in2DMode":false,"pivot":{"x":239.87181091308595,"y":1010.3546142578125,"z":-81.9203109741211},"rotation":{"x":0.017500052228569986,"y":0.2926834225654602,"z":0.0033144094049930574,"w":-0.9565883278846741},"size":1087.1934814453125,"orthographic":false}