{"cameraMode":{"drawMode":0,"name":"Shaded","section":"Shading Mode"},"sceneLighting":true,"audioPlay":false,"sceneViewState":{"m_AlwaysRefresh":false,"showFog":true,"showSkybox":true,"showFlares":true,"showImageEffects":true,"showParticleSystems":true,"showVisualEffectGraphs":true,"m_FxEnabled":true},"in2DMode":false,"pivot":{"x":-0.44716835021972659,"y":-19.59518814086914,"z":43.69667053222656},"rotation":{"x":-0.26706382632255556,"y":0.00228134635835886,"z":-0.0010596102802082897,"w":-0.9638069272041321},"size":24.44795799255371,"orthographic":false}